vid,name,authority,field_authority_link,field_alternate_name,description,field_cat_date_begin,field_cat_date_end,target_id,rel_type
person,Allan Bailey,viaf,https://www.wikidata.org/wiki/Q106113164,Bailey|A Bailey,,,,1017,schema:worksFor
person,Les Baxter,wikidata,https://www.wikidata.org/wiki/Q106111907,Baxter|Les B|Les B.,,,,1017,schema:worksFor
person,Tiny Bennett,wikidata,https://www.wikidata.org/wiki/Q106114299,"Bennett|T Bennett|T. Bennett|John ""Tiny"" Bennett",,,1978-06,1017,schema:worksFor
person,Norm Betts,wikidata,https://www.wikidata.org/wiki/Q105960315,Betts|Norm Betts|Norman Betts|N Betts|N. Betts,,ca. 1944,,1017,schema:worksFor
person,Duncan Cameron,wikidata,https://www.wikidata.org/wiki/Q5314288,,,1928,1985,,
person,Art Cole,wikidata,https://www.wikidata.org/wiki/Q106114855,Cole,,,,1017,schema:worksFor
person,George Cook,,,Cook,George Cook was employed as a photographer at the Toronto Telegram.,,,1017,schema:worksFor
person,Howard Cook,,,Cook,Howard Cook was employed as a photographer at the Toronto Telegram.,,,1017,schema:worksFor
person,Jim Cooke,,,Cooke|J Cooke|J. Cooke,Jim Cooke was employed as a photographer at the Toronto Telegram.,,,1017,schema:worksFor
person,David Cooper,wikidata,https://www.wikidata.org/wiki/Q105960416,Cooper|Coop|Dave Cooper,,,,1017,schema:worksFor
person,Russ Cooper,wikidata,https://www.wikidata.org/wiki/Q106262041,Cooper|Russell K. Cooper|Russell Cooper,,1926,1999,1017,schema:worksFor
person,Bill Dampier,wikidata,https://www.wikidata.org/wiki/Q106265808,"Dampier|Dampier, Bill|Dampier, [Bill] | [Bill] Dampier",,,,1017,schema:worksFor
person,Darrell,,,[Darrell],Darrell was a photographer whose work appeared in the Toronto Telegram.,,,1017,schema:worksFor
person,Colin Davies,,,Davies|C Davies|C. Davies,Colin Davies was employed as a photographer at the Toronto Telegram.,,,1017,schema:worksFor
person,David Davies,,,Davies|D Davies||D. Davies,David Davies a photographer whose work was published by the Toronto Telegram.,,,1017,schema:worksFor
person,Ted Dinsmore,wikidata,https://www.wikidata.org/wiki/Q106267242,Dinsmore|[Dinsmore],,1923,2001,1017,schema:worksFor
person,Bill Dodds,,,Dodds|Wm Dodds|Wm. Dodds|William Dodds,William (Bill) Dodds was employed as a photographer at the Toronto Telegram.,,,1017,schema:worksFor
person,Norm Drew,,,Drew|Duri,Norm Drew was employed as a photographer at the Toronto Telegram.,,,1017,schema:worksFor
person,Tony Drew,,,Drew|Duri,Tony Drew was employed as a photographer at the Toronto Telegram.,,,1017,schema:worksFor
person,Pete Dunlop,wikidata,https://www.wikidata.org/wiki/Q106292621,Peter Dunlop|Dunlop|P Dunlop|P. Dunlop,,,,1017,schema:worksFor
person,Martin Dunn,wikidata,https://www.wikidata.org/wiki/Q106635071,Dunn|M Dunn|[Martin] Dunn|[Martin Dunn]|M. Dunn,,,,1017,schema:worksFor
person,Graham Evoy,wikidata,https://www.wikidata.org/wiki/Q106575124,Evoy,,,,1017,schema:worksFor
person,John Franke,wikidata,https://www.wikidata.org/wiki/Q106576338,"[John] Franke|Franke, [John]",,,,1017,schema:worksFor
person,Don Grant,wikidata,https://www.wikidata.org/wiki/Q106576392,"Grant|D Grant|D. Grant|Grant, Don|Grant, [Don]",,1929-06-04,2014-12-24,1017,schema:worksFor
person,Frank Grant,wikidata,https://www.wikidata.org/wiki/Q106634379,"Grant|F Grant|F. Grant|Grant, Frank|Grant|Grant, [Frank]",,,,1017,schema:worksFor
person,Paul Green,,,"Green|Green, Paul",Paul Green was employed as a photographer at the Toronto Telegram.,,,1017,schema:worksFor
person,Terry Hancey,wikidata,https://www.wikidata.org/wiki/Q106634457,Hancey|[Hancey],,,,1017,schema:worksFor
person,Harold Whyte,wikidata,https://www.wikidata.org/wiki/Q106634512,"Whyte|H Whyte|H. Whyte|Whyte, [Harold]|[Harold] Whyte",,1929-12-17,2014-08-31,1017,schema:worksFor
person,Leo Harrison,wikidata,https://www.wikidata.org/wiki/Q106634749,"Harrison|Harrison, Leo|[Leo] Harrison|Harrison, [Leo]",,,,1017,schema:worksFor
person,Brian Hartley,,,Hartley,Brian Hartley was employed as a photographer at the Toronto Telegram.,,,1017,schema:worksFor
person,Herb Hall,,,"Herb Hall, Collingwood",Herb Hall a photographer whose work was published by the Toronto Telegram.,,,,
person,Jac Holland,wikidata,https://www.wikidata.org/wiki/Q106636481,"Holland|Holland, Jac|[Jac] Holland|Holland [Jac]|Jac Mazereeuw",,,,1017,schema:worksFor
person,Hugh Winsor,wikidata,https://www.wikidata.org/wiki/Q5933088,Winsor|[Hugh] Winsor,,,,1017,schema:worksFor
person,Don Hunt,wikidata,https://www.wikidata.org/wiki/Q106827428,Hunt|[Hunt]|D. Hunt,,1929,2014,1017,schema:worksFor
person,Paul Hunt,,,Hunt|[Hunt]|P. Hunt,Paul Hunt a photographer whose work was published by the Toronto Telegram.,,,1017,schema:worksFor
person,Hussey,,,Hussey|Hussen,Hussey a photographer whose work was published by the Toronto Telegram.,,,1017,schema:worksFor
person,Jack Judges,,,"Judges|Judges, Jack|Judges, [Jack]|[Jack] Judges",Jack Judges was employed as a photographer at the Toronto Telegram.,,,1017,schema:worksFor
person,Jim Kennedy,,,"Kennedy|Kennedy, Jim|[Jim] Kennedy",Jim Kennedy was employed as a photographer at the Toronto Telegram.,,,1017,schema:worksFor
person,Ken Kennedy,,,Kennedy,Ken Kennedy a photographer whose work was published by the Toronto Telegram.,,,1017,schema:worksFor
person,Fred Klus,viaf,http://viaf.org/viaf/124159397451719301926,"Klus|Fred K.|F Klus|[Fred] Klus|Klus, Fred|F. Klus",,,,1017,schema:worksFor
person,Jock Carroll,lcnaf,http://id.loc.gov/authorities/names/n81019891,Carroll|Jock|J Carroll|J. Carroll,,1919-03-05,1995-08-05,1017,schema:worksFor
person,John Marshall,,,John Marshal|Marshall|Jack Marshall,Jack (John) Marshall was employed as a photographer at the Toronto Telegram.,,,1017,schema:worksFor
person,Julian Hayashi,wikidata,https://www.wikidata.org/wiki/Q106628325,Hayashi|J Hayashi|J. Hayashi,,,,1017,schema:worksFor
person,Julien LeBourdais,wikidata,https://www.wikidata.org/wiki/Q55218626,LeBourdais|LeB,,1944,,,
person,Leon de March,,,"de March|[Leon] de March|de March, Leon",Leon de March was employed as a photographer at the Toronto Telegram.,,,1017,schema:worksFor
person,Dick Loek,viaf,http://viaf.org/viaf/16025608,"Loek|D. Loek|D Loek|Loek, Dick|Loek, [Dick]|[Dick] Loek|Roek",,,,1017,schema:worksFor
person,Gary MacKenzie,,,"Mackenzie|G Mackenzie|MacKenzie|Mac Kenzie, Gary|MacKenzie, Gary|G. Mackenzie",Gary MacKenzie was employed as a photographer at the Toronto Telegram.,,,1017,schema:worksFor
person,George MacKenzie,,,"Mackenzie|G MacKenzie|MacKenzie|Mac Kenzie, George|MacKenzie, George|G. Mackenzie",George MacKenzie was employed as a photographer at the Toronto Telegram.,,,1017,schema:worksFor
person,John MacLean,wikidata,https://www.wikidata.org/wiki/Q106704357,MacLean|Mac Lean [MacLean]|[MacLean],,,,1017,schema:worksFor
person,Madison Sale,wikidata,https://www.wikidata.org/wiki/Q106662444,Mad Sale|Sale|M Sale|Mad. Sale|M. Sale,,1910-12-29,2007-03-01,1017,schema:worksFor
person,Frank McFadden,,,"McFadden|[McFadden]|[Frank] McFadden|McFadden, Frank|F McFadden|F. McFadden",Frank McFadden was employed as a photographer at the Toronto Telegram.,,,1017,schema:worksFor
person,John Raymond McFadden,wikidata,https://www.wikidata.org/wiki/Q106824664,"McFadden|[McFadden]|McFadden, Ray|Ray McFadden|[Ray] McFadden|R.J. McFadden|J.R. McFadden",,1917,2011,1017,schema:worksFor
person,Charles McGregor,viaf,http://viaf.org/viaf/195849988,"McGregor|Mc Gregor|[McGregor]|McGregor, Charles|Chick McGregor",,,,1017,schema:worksFor
person,Claude Miles,,,"Miles|C Miles|Miles, Claude|C. Miles",Claude Miles was employed as a photographer at the Toronto Telegram.,,,1017,schema:worksFor
person,Frederick Nossal,wikidata,https://www.wikidata.org/wiki/Q106018750,Fred Nossal|Nossal|[Fred] Nossal,,1927,1979,1017,schema:worksFor
person,Michael Popovich,wikidata,https://www.wikidata.org/wiki/Q106488976,"Popovich, Michael|Popovich|Mike Popovich|M Popovich|M. Popovich|[Mike] Popovich|[Popovich]",,,,1017,schema:worksFor
person,Nelson Quarrington,,,Quarrington|[Quarrington]|[Nelson] Quarrington|Nels Q.|Nels. Quarrington,Nelson Quarrington was employed as a photographer at the Toronto Telegram.,,,1017,schema:worksFor
person,Ken Robertson,wikidata,https://www.wikidata.org/wiki/Q106824365,"Robertson|Robertson, Ken|[Ken] Robertson",,1923,2010-12-22,1017,schema:worksFor
person,Kelley O'Shaw,,,O'Shaw|O'shaw,Kelley O'Shaw a photographer whose work was published by the Toronto Telegram.,,,1017,schema:worksFor
person,Peter Geddes,wikidata,https://www.wikidata.org/wiki/Q106627285,"Geddes|Pete Geddes|P Geddes|Geddes, Pete|[Pete Geddes]|P. Geddes",,,,1017,schema:worksFor
person,Peter Goddard,,,Goddard,Peter Goddard was employed as a photographer at the Toronto Telegram.,,,1017,schema:worksFor
person,Peter Van Harten,wikidata,https://www.wikidata.org/wiki/Q106703658,Peter van Harten|[Peter] Van Harten|Peter VanHarten|Van Harten,,,,1017,schema:worksFor
person,Leonard Plumb,,,Plumb|Len Plumb,Leonard (Len) Plumb was employed as a photographer at the Toronto Telegram.,,,1017,schema:worksFor
person,Dave Proulx,wikidata,https://www.wikidata.org/wiki/Q106824955,Proulx|D Proulx|[Dave] Proulx|David Proulx|[Proulx]|D. Proulx,,,,1017,schema:worksFor
person,Ethel Proulx,,,Proulx|E Proulx|[Ethel]Proulx|[Proulx],Ethel Proulx was employed at the Toronto Telegram.,,,1017,schema:worksFor
person,Reginald Locke,,,Locke|Reg. Locke|[Reg Locke],Reg. Locke was employed as a photographer at the Toronto Telegram.,,,1017,schema:worksFor
person,Reginald Towers,,,"Reg. Towers|Towers, Reg|[Reg.] Towers|Towers, [Reg]|Towers, Reg.",Reg. Towers was employed as a photographer at the Toronto Telegram.,,,1017,schema:worksFor
person,Bruce Reed,,,"Reed|Reed, Bruce|[Bruce] Reed|Reed, [Bruce]",Bruce Reed was employed as a photographer at the Toronto Telegram.,,,1017,schema:worksFor
person,Ed Regan,,,Regan,Edward (Ed) Regan a photographer whose work was published by the Toronto Telegram.,,,1017,schema:worksFor
person,Jim Revitt,,,Revitt|J. Revitt,Jim Revitt was employed as a photographer at the Toronto Telegram.,,,1017,schema:worksFor
person,Richard Cole,,,"Cole, Richard|Cole, [Richard]|[Richard] Cole|R. Cole|Dick Cole|Cole, Dick|Cole",Richard (Dick) Cole was employed as a photographer at the Toronto Telegram.,,,1017,schema:worksFor
person,Jack Ramsay,,,Ramsay|J Ramsay|[Ramsay],Jack Ramsay was employed as a photographer at the Toronto Telegram.,,,1017,schema:worksFor
person,Alfred E. Roberts,,,,Alfred E. Roberts a photographer whose work was published by the Toronto Telegram.,,,,
person,Bill Rose,,,Rose|Wm Rose|William Rose,William (Bill) Rose was employed as a photographer at the Toronto Telegram.,,,1017,schema:worksFor
person,Ed Roworth,,,"Roworth|Rowarth|Ed Rowarth|Eddy Roworth|Roworth, Eddy",Ed Roworth was employed as a photographer at the Toronto Telegram.,,,1017,schema:worksFor
person,Ron Kish,,,,Ron Kish was employed as a photographer and journalist at the Toronto Telegram.,,,1017,schema:worksFor
person,Ron Laytner,wikidata,https://www.wikidata.org/wiki/Q106703952,Laytner,,1934,2019,1017,schema:worksFor
person,William Russell,,,"Russell|Bill Russell|Wm Russell|Russell, [Bill]",William (Bill) Russell was employed as a photographer at the Toronto Telegram.,1930-03-29,2011-12-12,1017,schema:worksFor
person,Rabbi Reuben Slonim,viaf,http://viaf.org/viaf/27097221,R. Slonin|Slonin,,1914,2000-01-20,1017,schema:worksFor
person,Scott,,,,Individual with the surname Scott was employed at the Toronto Telegram.,,,1017,schema:worksFor
person,Sean Browne,wikidata,https://www.wikidata.org/wiki/Q106421785,Browne,,,,1017,schema:worksFor
person,Val Sears,viaf,http://viaf.org/viaf/900605,[Sears]|[Val Sears],,1927-12-05,2016-01-21,1017,schema:worksFor
person,Robert Shannon,,,"Shannon|Rob Shannon|Shannon, Rob|Bob Shannon|Shannon, Bob",Robert Shannon was employed as a photographer at the Toronto Telegram.,,,1017,schema:worksFor
person,John Sharp,,,Sharp|J Sharp|J. Sharp,John Sharp was employed as a photographer at the Toronto Telegram.,,,1017,schema:worksFor
person,Stanley Gauthier,,,"Gauthier, Stan|Gauthier|Stan Gauthier|S. Gauthier",Stanley Gauthier a photographer whose work was published by the Toronto Telegram.,,,1017,schema:worksFor
person,Albert Van,wikidata,https://www.wikidata.org/wiki/Q106825702,"Van|Albert Vandewiele|Albert Robert Vandewiele|Van, Albert",,1881,1964-01-03,1017,schema:worksFor
person,Peter Ward,,,"Ward|[Pete] Ward|[Peter] Ward|Pete Ward|Ward, [Peter]|Ward, [Pete]",Peter Ward was employed as a photographer at the Toronto Telegram.,,,1017,schema:worksFor
person,Wasyl Kowalishen,wikidata,https://www.wikidata.org/wiki/Q106826770,Kowalishen|Wass|Wasyl,,1928,1991-11-08,1017,schema:worksFor
person,Brian Willer,wikidata,https://www.wikidata.org/wiki/Q106826744,"Willer|B Willer|Willer, Brian",,,,1017,schema:worksFor
person,Chris Woods,,,Woods|C Woods,Chris Woods was a photographer whose work was published by the Toronto Telegram.,,,1017,schema:worksFor
corporate_body,Toronto Telegram staff,wikidata,https://www.wikidata.org/wiki/Q17152683,[Telegram staff]|[telegram staff]|[Telegram Staff]|[Telegram Staff Studio]|Telegram staff|Toronto Telegram|[Evening Telegram staff]|[Toronto Telegram staff]|[Telegraph staff],Generic term used to indicate when an unidentified member of the Toronto Telegram staff photographed an image that appeared in the newspaper.,,,1017,schema:worksFor
person,Dini Petty,viaf,https://viaf.org/viaf/57843299,,,,,,
person,Deborah Barndt,viaf,https://viaf.org/viaf/17469254,,,,,,
person,Memo Acevedo,viaf,http://viaf.org/viaf/315083898,"Acevedo, Memo",,1949-01-01,,,
person,John Adams,viaf,http://viaf.org/viaf/46948513,"Adams, John, 1947-",,1947-02-15,,,
person,Abraham Adzenyah,viaf,http://viaf.org/viaf/50715383,"Adzenyah, Abraham, 1939-",,1939,,,
person,Diane Aiken,,,"Aiken, Diane",,,,,
person,Sandor Ajzenstat,,,"Ajzenstat, Sandor",,,,,
person,Ron Allen,,,"Allen, Ron",,,,,
person,Maarten Altena,viaf,http://viaf.org/viaf/7577833,"Altena, Maarten 1943-",,1943-01-22,,,
corporate_body,Alvorado,,,Alvorado,,,,,
person,Maryanne Amacher,viaf,http://viaf.org/viaf/302638480,"Amacher, Maryanne",,1938-02-25,2009-10-22,,
person,Robin Anderson,,,"Anderson, Robin",,,,,
person,Ruth Anderson,wikidata,http://www.wikidata.org/wiki/Q1249915,"Anderson, Ruth",,1928-03-21,2019-11-29,,
person,Louis Andriessen,viaf,http://viaf.org/viaf/111315943,"Andriessen, Louis, 1939-",,1939-06-06,2021-07-01,,
person,Audry Andrist,viaf,http://viaf.org/viaf/50913073,"Andrist, Audry",,,,,
corporate_body,Andy Milne Quartet (Musical group),,,Andy Milne Quartet (Musical group),,,,,
person,Peter Anson,viaf,http://viaf.org/viaf/231840618,"Anson, Peter",,,,,
corporate_body,Arcana-Ensemble,viaf,http://viaf.org/viaf/156771108,Arcana-Ensemble,,,,,
corporate_body,Arditti String Quartet,viaf,http://viaf.org/viaf/121315916,Arditti String Quartet,,,,,
corporate_body,Arraymusic,viaf,http://viaf.org/viaf/152536513,Arraymusic,,,,,
corporate_body,Art Gallery of Ontario,viaf,http://viaf.org/viaf/151879312,Art Gallery of Ontario,,,,,
corporate_body,Arte Flamenco,,,Arte Flamenco,,,,,
corporate_body,Artists' Jazz Band,viaf,http://viaf.org/viaf/130310345,Artists' Jazz Band,,,,,
person,Parmela Attariwalla,viaf,http://viaf.org/viaf/271144782717913520339,"Attariwalla, Parmela",,,,,
person,Robin Aulis,,,"Aulis, Robin",,,,,
corporate_body,Aysmmetriks Composers' Collective,,,Aysmmetriks Composers' Collective,,,,,
person,Derek Bailey,viaf,http://viaf.org/viaf/10045532,"Bailey, Derek",,1930,2005,,
person,Jonnie Bakan,,,"Bakan, Jonnie",,,,,
person,Ken Baldwin,,,"Baldwin, Ken",,,,,
person,Richard Bannard,,,"Bannard, Richard",,,,,
person,Lloyd Barber,wikidata,http://www.wikidata.org/wiki/Q6662267,"Barber, Lloyd",,1932-03-08,2011-09-16,,
person,Milton Barnes,viaf,http://viaf.org/viaf/19863822,"Barnes, Milton",,1931-12-16,2001-02-27,,
person,Jean Beaudet,viaf,http://viaf.org/viaf/66671560,"Beaudet, Jean, 1951-",,1950-06-01,,,
person,William Beauvais,viaf,http://viaf.org/viaf/73789897,"Beauvais, William",,1956-10-09,,,
person,Bob Becker,viaf,http://viaf.org/viaf/59281108,"Becker, Bob, 1947-",,1947-06-22,,,
person,Bob Bell,,,"Bell, Bob",,,,,
person,Han Bennink,viaf,http://viaf.org/viaf/56798067,"Bennink, Han, 1942-",,1942-04-17,,,
person,Louise Bessette,viaf,http://viaf.org/viaf/104817907,"Bessette, Louise",,1959-06-20,,,
person,Carla Bley,viaf,http://viaf.org/viaf/44484407,"Bley, Carla",,1936-05-11,,,
person,Jean-Guy Boisvert,viaf,http://viaf.org/viaf/105150123,"Boisvert, Jean-Guy",,1952,,,
person,Tim Brady,viaf,http://viaf.org/viaf/104162526,"Brady, Tim, 1956-",,1956,,,
person,David Brison,,,"Brison, David",,,,,
person,Michael Brook,viaf,http://viaf.org/viaf/78363018,"Brook, Michael",,1952-01-01,,,
person,Stuart Broomer,viaf,http://viaf.org/viaf/271864716,"Broomer, Stuart",,2000-01-01,,,
person,Howard Broomfield,viaf,http://viaf.org/viaf/105149388,"Broomfield, Howard",,,,,
person,Stephen Brown,,,"Brown, Stephen",,,,,
person,Donald Buchla,viaf,http://viaf.org/viaf/18501044,"Buchla, Donald",,1937-04-18,2016-09-14,,
person,Jan Burdocks,,,"Burdocks, Jan",,,,,
person,Soh Bur,viaf,http://viaf.org/viaf/300270512,Bure Soh,,,,,
corporate_body,Busheri Crossroads (Musical group),,,Busheri Crossroads (Musical group),,,,,
person,Christopher Butterfield,viaf,http://viaf.org/viaf/57716435,"Butterfield, Christopher",,1952-11-17,,,
person,Bill Buxton,wikidata,http://www.wikidata.org/wiki/Q4908369,"Buxton, Bill",,1949-03-10,,,
person,Michael Byron,viaf,http://viaf.org/viaf/68822745,"Byron, Michael",,1953-09-07,,,
person,John Cage,viaf,http://viaf.org/viaf/71577292,"Cage, John",,1912-09-05,1992-08-12,,
corporate_body,Canadian Creative Music Collective,viaf,http://viaf.org/viaf/150016505,Canadian Creative Music Collective,,,,,
corporate_body,Canadian Electronic Ensemble,viaf,http://viaf.org/viaf/158365803,Canadian Electronic Ensemble,,,,,
person,Rob Caroll,viaf,http://viaf.org/viaf/1208154387235830970004,"Caroll, Rob",,,,,
person,Susan Cash,viaf,http://viaf.org/viaf/38669670,"Cash, Susan",,,,,
person,Joseph Celli,viaf,http://viaf.org/viaf/2335180,"Celli, Joseph",,1944-03-19,,,
person,Eugene Chadbourne,viaf,http://viaf.org/viaf/14969931,"Chadbourne, Eugene",,1954-01-04,,,
corporate_body,of Heart Chang,,,Change of Heart,,,,,
person,Brian Cherney,viaf,http://viaf.org/viaf/39640805,"Cherney, Brian",,1942-09-04,,,
corporate_body,Inlet Chesterfiel,,,Chesterfield Inlet,,,,,
person,Gunter Christmann,viaf,http://viaf.org/viaf/1612164,"Christmann, Gunter, 1942-",,1942,,,
person,Stephen Clarke,,,"Clarke, Stephen",,,,,
person,Harold apie Clayton,viaf,http://viaf.org/viaf/688154380949430290836,"Clayton, Harold apie",,1947,2000,,
corporate_body,Drummers Cob,,,Coba Drummers,,,,,
person,Allen Cole,,,"Cole, Allen",,,,,
person,Holly Cole,viaf,http://viaf.org/viaf/54346856,"Cole, Holly",,1963-11-25,,,
person,Victor Coleman,viaf,http://viaf.org/viaf/305722718,"Coleman, Victor",,1944-11-09,,,
person,Maury Coles,viaf,http://viaf.org/viaf/8759861,"Coles, Maury",,,,,
corporate_body,Continuum (Musical group),viaf,http://viaf.org/viaf/145755468,Continuum (Musical group),,,,,
corporate_body,Convergence (Musical group),viaf,http://viaf.org/viaf/123380349,Convergence (Musical group),,,,,
person,Linday Cooper,viaf,http://viaf.org/viaf/119024218,"Cooper, Linday",,1951,2013,,
person,Darren Copeland,viaf,http://viaf.org/viaf/61194314,"Copeland, Darren",,1968-06-18,,,
person,Graham Coughtry,viaf,http://viaf.org/viaf/94290243,"Coughtry, Graham",,1931-01-01,1999-01-01,,
person,Micheline Coulomb Saint-Marcoux,viaf,http://viaf.org/viaf/104008879,"Coulombe Saint-Marcoux, Micheline, 1938-1985",,1938-08-09,1985-02-02,,
person,Craig,,,Craig,,,,,
person,Paul Cram,viaf,http://viaf.org/viaf/104040488,"Cram, Paul",,1952-08-11,2018-03-20,,
person,Crawford,,,Crawford,,,,,
person,C. Crawford,,,"Crawford, C.",,,,,
person,Chris Crawford,,,"Crawford, Chris",,,,,
person,Marilyn Crispell,viaf,http://viaf.org/viaf/55361733,"Crispell, Marilyn",,1947-03-30,,,
person,Barbara Croall,,,"Croall, Barbara",,,,,
person,Alvin Curran,viaf,http://viaf.org/viaf/24789844,"Curran, Alvin",,1938-12-13,,,
person,Peter Cusack,viaf,http://viaf.org/viaf/16476375,"Cusack, Peter",,1948-01-01,,,
person,Andrew Cyrille,viaf,http://viaf.org/viaf/105253922,"Cyrille, Andrew",,1939-11-10,,,
corporate_body,Da,,,Da,,,,,
person,Debbie Danbrook,viaf,http://viaf.org/viaf/73261156,"Danbrook, Debbie",,,,,
corporate_body,Dance Caribe Drummers,,,Dance Caribe Drummers,,,,,
person,Ron Dann,viaf,http://viaf.org/viaf/103971187,"Dann, Ron",,,,,
corporate_body,David Mott Quintet,viaf,http://viaf.org/viaf/141852084,David Mott Quintet,,,,,
person,Peter Maxwell Davies,viaf,http://viaf.org/viaf/64271053,"Davies, Peter Maxwell, 1934-2016",,1934-09-08,2016-03-14,,
person,Anthony de Mare,viaf,http://viaf.org/viaf/42146634528341932839,"de Mare, Anthony",,,,,
person,A'dam De Ysbreuer,,,"De Ysbreuer, A'dam",,,,,
person,Alex Dean,viaf,http://viaf.org/viaf/104249774,"Dean, Alex",,,,,
person,Chris Devonshire,viaf,http://viaf.org/viaf/29446446,"Devonshire, Chris",,,,,
person,Francis Dhomont,viaf,http://viaf.org/viaf/13383628,"Dhomont, Francis",,1926-11-02,,,
person,Robert Dick,viaf,http://viaf.org/viaf/44498428,"Dick, Robert",,1950-01-04,,,
person,Loek Dikker,viaf,http://viaf.org/viaf/44494000,"Dikker, Loek, 1944-",,1944-02-28,,,
person,Bill Dobbins,viaf,http://viaf.org/viaf/251203566,"Dobbins, Bill",,1947-04-25,,,
person,Michael Dobson,,,"Dobson, Michael",,,,,
person,Paul Dolden,viaf,http://viaf.org/viaf/51881266,"Dolden, Paul",,1956-01-23,,,
person,Michel Donato,viaf,http://viaf.org/viaf/17432281,"Donato, Michel",,1942-08-25,,,
person,Sheila Dorsan,,,"Dorsan, Sheila",,,,,
person,Jim Dorsey,wikidata,http://www.wikidata.org/wiki/Q6194692,"Dorsey, Jim",,1955-08-02,,,
corporate_body,Dreaming of Beauty (Musical group),viaf,http://viaf.org/viaf/141830909,Dreaming of Beauty (Musical group),,,,,
person,Larry Dubin,viaf,http://viaf.org/viaf/18934653,"Dubin, Larry, 1931-1978",,1931-02-04,1978-04-25,,
person,David Duclos,,,"Duclos, David",,,,,
person,Chin Duncanson,,,"Duncanson, Chin",,,,,
person,Katherine Duncanson,,,"Duncanson, Katherine",,,,,
person,Paul Dutton,viaf,http://viaf.org/viaf/36999806,"Dutton, Paul",,1943-01-01,,,
person,Eve Egoyan,viaf,http://viaf.org/viaf/168093594,"Egoyan, Eve",,1964,,,
person,Kirk Elliot,viaf,http://viaf.org/viaf/80029162,"Elliot, Kirk",,,,,
person,Ralph Eppel,viaf,http://viaf.org/viaf/105145353,"Eppel, Ralph",,1951-01-01,,,
corporate_body,Etawin Sherdlu,,,Etawin Sherdlu,,,,,
person,Brian Everett,,,"Everett, Brian",,,,,
corporate_body,Etawin Sherdlu,viaf,http://viaf.org/viaf/140560575,Etawin Sherdlu,,,,,
corporate_body,Ex Tenebris,,,Ex Tenebris,,,,,
person,Ron Feather,,,"Feather, Ron",,,,,
corporate_body,Feldman Singers,,,Feldman Singers,,,,,
person,Morton Feldman,viaf,http://viaf.org/viaf/5120580,"Feldman, Morton, 1926 1987",,1926-01-12,1987-09-03,,
person,Gustave Fenyő,viaf,http://viaf.org/viaf/77391903,"Fenyő, Gustave",,1950,,,
person,Judith Fitzgerald,wikidata,http://www.wikidata.org/wiki/Q6303396,"Fitzgerald, Judith",,1952-11-11,2015-11-25,,
person,Dono Ensemble Flamin,viaf,http://viaf.org/viaf/432145857123022922791,Flaming Dono Ensemble,,,,,
person,Renée Fleming,viaf,http://viaf.org/viaf/71586094,"Fleming, Renée",,1959-02-14,,,
corporate_body,Flute for Thought,,,Flute for Thought,,,,,
corporate_body,Four Horsemen,viaf,http://viaf.org/viaf/128949455,Four Horsemen,,,,,
person,Miguel Frasconi,viaf,http://viaf.org/viaf/296016972,"Frasconi, Miguel, 1956-",,1956-05-29,,,
person,Nick Fraser,viaf,http://viaf.org/viaf/106164354,"Fraser, Nick",,1976-04-29,,,
person,Rob Frayne,viaf,http://viaf.org/viaf/105138767,"Frayne, Rob",,1957-01-01,,,
person,John Free,viaf,http://viaf.org/viaf/105284690,"Free, John",,1957,,,
person,Bill Frissel,viaf,http://viaf.org/viaf/120017748,"Frissel, Bill",,1951,,,
person,Frykberg,,,Frykberg,,,,,
person,Wolfgang Fuchs,viaf,http://viaf.org/viaf/65219595,"Fuchs, Wolfgang",,1948,,,
person,Greg Gallagher,,,"Gallagher, Greg",,,,,
person,Hervé Galli,viaf,http://viaf.org/viaf/91062279,"Galli, Hervé",,,,,
corporate_body,Game Zone (Musical group),,,Game Zone (Musical group),,,,,
person,Lloyd Garber,viaf,http://viaf.org/viaf/43910219,"Garber, Lloyd",,1940,,,
person,Don Garbutt,viaf,http://viaf.org/viaf/105278798,"Garbutt, Don",,,,,
person,Peter Garland,viaf,http://viaf.org/viaf/109253099,"Garland, Peter, 1952-",,1952-01-25,,,
person,Philip Gelb,viaf,http://viaf.org/viaf/2143770,"Gelb, Philip",,,,,
person,Stephen Gelb,,,"Gelb, Stephen",,,,,
person,Geoff,,,Geoff,,,,,
corporate_body,Geordie MacDonald and the Painkillers (Musical group),,,Geordie MacDonald and the Painkillers (Musical group),,,,,
corporate_body,Glass Orchestra,viaf,http://viaf.org/viaf/126604939,Glass Orchestra,,,,,
person,Rivka Golani,viaf,http://viaf.org/viaf/97852559,"Golani, Rivka",,1946-03-22,,,
person,Malcolm Goldstein,viaf,http://viaf.org/viaf/42050458,"Goldstein, Malcolm, 1936",,1936-03-27,,,
person,Scott Good,viaf,http://viaf.org/viaf/106220538,"Good, Scott",,1972-01-01,,,
person,Green,,,Green,,,,,
person,Marvin Green,,,"Green, Marvin",,,,,
person,David Grimes,wikidata,http://www.wikidata.org/wiki/Q5234428,"Grimes, David",,1948-03-09,,,
corporate_body,Groupe Bassan,,,Groupe Bassan,,,,,
person,Bill Grove,viaf,http://viaf.org/viaf/104247839,"Grove, Bill",,1952,,,
corporate_body,Groupe Bassan,,,Groupe Bassan,,,,,
person,John Gzowski,viaf,http://viaf.org/viaf/105527702,"Gzowski, John",,,,,
corporate_body,Handslang,,,Handslang,,,,,
person,David Harrison,,,"Harrison, David",,,,,
person,John Hassel,viaf,http://viaf.org/viaf/93953447,"Hassel, John",,1937,2021,,
person,John Hawkins,viaf,http://viaf.org/viaf/5116146,"Hawkins, John",,1944-07-26,2007-01-14,,
person,"Henry, Dr. Hedges",,,"Hedges, Henry, Dr.",,,,,
person,Gerry Hemingway,viaf,http://viaf.org/viaf/49408327,"Hemingway, Gerry",,1955-03-23,,,
corporate_body,Hemispheres (Musical group),viaf,http://viaf.org/viaf/154723146,Hemispheres (Musical group),,,,,
person,Julius Hemphill,viaf,http://viaf.org/viaf/89802164,"Hemphill, Julius, 1938-1995",,1938-01-24,1995-04-02,,
person,Jim Hiscott,viaf,http://viaf.org/viaf/16462798,"Hiscott, Jim",,1948-12-04,,,
person,Alice Ho,viaf,http://viaf.org/viaf/106246750,"Ho, Alice",,1960-01-01,,,
person,Hodge,,,Hodge,,,,,
person,Paul Hodge,,,"Hodge, Paul",,,,,
corporate_body,Hogaku Quartet (Musical group),,,Hogaku Quartet (Musical group),,,,,
person,Mike Horwood,viaf,http://viaf.org/viaf/96725860,"Horwood, Mike",,,,,
corporate_body,Hot Five Jazzmakers,viaf,http://viaf.org/viaf/159386766,Hot Five Jazzmakers,,,,,
corporate_body,Hougaku Quartet (Musical group),,,Hougaku Quartet (Musical group),,,,,
person,Raymond Houle,,,"Houle, Raymond",,,,,
person,Tim Howe,viaf,http://viaf.org/viaf/8441148997705059870000,"Howe, Tim",,,,,
person,Jerry Inman,,,"Inman, Jerry",,,,,
person,Charles Ives,viaf,http://viaf.org/viaf/39562133,"Ives, Charles, 1874-1954",,1874-10-20,1954-05-19,,
person,David Jaeger,viaf,http://viaf.org/viaf/104160513,"Jaeger, David",,1947-11-19,,,
person,Peter Jaeger,viaf,http://viaf.org/viaf/56244413,"Jaeger, Peter",,1960,,,
person,Bentley Jarvis,viaf,http://viaf.org/viaf/313506790,"Jarvis, Bentley, 1949-",,1949,,,
person,B. Johnston,wikidata,http://www.wikidata.org/wiki/Q888022,"Johnston, B.",,1932-05-14,2015-08-14,,
person,Allan Jones,,,"Jones, Allan",,,,,
person,Henry Kaiser,viaf,http://viaf.org/viaf/85608201,"Kaiser, Henry",,1952-09-19,,,
person,John Karpenko,discogs,https://www.discogs.com/artist/5278843-John-Karpenko,"Karpenko, John",,,,,
person,Udo Kasemets,viaf,http://viaf.org/viaf/24802929,"Kasemets, Udo",,1919-11-16,2014-01-19,,
person,David Keane,viaf,http://viaf.org/viaf/66598300,"Keane, David, 1943-2017",,1943,2017,,
person,Elaine Keillor,viaf,http://viaf.org/viaf/59405038,"Keillor, Elaine, 1939-",,1939-09-02,,,
person,Don Kerr,viaf,http://viaf.org/viaf/24879463,"Kerr, Don",,1963-01-01,,,
person,Majid Kiani,viaf,http://viaf.org/viaf/200980,"Kiani, Majid",,1953-01-01,,,
person,Kilbourn,,,Kilbourn,,,,,
person,Nicholas Kilbourn,viaf,http://viaf.org/viaf/21735860,"Kilbourn, Nicholas",,,,,
person,Graham Kirkland,viaf,http://viaf.org/viaf/29162612,"Kirkland, Graham",,,,,
person,George Koller,viaf,http://viaf.org/viaf/79815351,"Koller, George",,1958,,,
person,Robert Kortgaard,viaf,http://viaf.org/viaf/105153858,"Kortgaard, Robert",,,,,
person,Peter Kowald,viaf,http://viaf.org/viaf/9145971333932331302,"Kowald, Peter",,1944-04-21,2002-09-21,,
person,Nobuo Kubota,viaf,http://viaf.org/viaf/7701983,"Kubota, Nobuo",,1932-01-01,,,
person,Henry Kucharzk,viaf,http://viaf.org/viaf/21359188,"Kucharzk, Henry",,1953,,,
person,Oliver Lake,viaf,http://viaf.org/viaf/84970030,"Lake, Oliver, 1942",,1942-09-14,,,
person,Laskiewizcz,,,Laskiewizcz,,,,,
person,David Lee,,,"Lee, David",,,,,
person,Peter Leitch,viaf,http://viaf.org/viaf/10039221,"Leitch, Peter",,1944-08-19,,,
person,Robert Leriche,,,"Leriche, Robert",,,,,
person,Marilyn Lerner,viaf,http://viaf.org/viaf/104240482,"Lerner, Marilyn",,1957-02-04,,,
person,Anne Lindsay,viaf,http://viaf.org/viaf/106442539,"Lindsay, Anne, 1956-",,1956,,,
person,Annea Lockwood,viaf,http://viaf.org/viaf/43094720,"Lockwood, Annea, 1939-",,1939-07-29,,,
corporate_body,Lonely Universe,,,Lonely Universe,,,,,
person,George Longdo,,,"Longdo, George",,,,,
person,Edith Looker,,,"Looker, Edith",,,,,
person,Alexina Louie,viaf,http://viaf.org/viaf/24444963,"Louie, Alexina",,1949-07-30,,,
person,Paul Lovens,viaf,http://viaf.org/viaf/42680715,"Lovens, Paul, 1949",,1949,,,
person,Alvin Lucier,viaf,http://viaf.org/viaf/119476822,"Lucier, Alvin",,1931-05-14,2021-12-01,,
person,Jennifer Lumsden,,,"Lumsden, Jennifer",,,,,
person,B. Lynch,,,"Lynch, B.",,,,,
person,James MacDonald,wikidata,http://www.wikidata.org/wiki/Q60499506,"MacDonald, James",,1945-01-31,,,
person,Jim MacDonald,,,"MacDonald, Jim",,,,,
person,Laurel MacDonald,viaf,http://viaf.org/viaf/105917413,"MacDonald, Laurel",,1958,,,
person,Betsy MacMillan,,,"MacMillan, Betsy",,,,,
person,Don MacMillan,,,"MacMillan, Don",,,,,
person,Kevin MacMillan,,,"MacMillan, Kevin",,,,,
person,Albert Mangelsdorff,viaf,http://viaf.org/viaf/14958934,"Mangelsdorff, Albert, 1928-2005",,1928-09-05,2005-07-25,,
person,Robert Markle,viaf,http://viaf.org/viaf/45405093,"Markle, Robert",,1936-01-01,1990-01-01,,
person,John Mars,viaf,http://viaf.org/viaf/96191464,"Mars, John",,,,,
person,Hugh Marsh,viaf,http://viaf.org/viaf/4542606,"Marsh, Hugh",,1955-06-05,,,
person,Messi Martin,viaf,http://viaf.org/viaf/61757588,"Martin, Messi, 1946-2006",,1946,2006,,
person,Richard Mascall,viaf,http://viaf.org/viaf/305948405,"Mascall, Richard",,1972,,,
person,Gustavo Matamoros,viaf,http://viaf.org/viaf/48863730,"Matamoros, Gustavo",,1957,,,
person,Al Mattes,viaf,http://viaf.org/viaf/12621044,"Mattes, Al",,1947-11-07,,,
person,Allan Mattes,,,"Mattes, Allan",,,,,
person,Steve McCaffery,viaf,http://viaf.org/viaf/38243,"McCaffery, Steve, 1947-",,1947,,,
person,G. McDonnell,,,"McDonnell, G.",,,,,
person,Jack McFadden,,,"McFadden, Jack",,,,,
person,George McFetridge,viaf,http://viaf.org/viaf/188145601964101320395,"McFetridge, George",,,,,
person,Terril McGuire,,,"McGuire, Terril",,,,,
person,Lubomyr Melnyk,viaf,http://viaf.org/viaf/26243656,"Melnyk, Lubomyr, 1948-",,1948-12-22,,,
person,Philippe Menard,viaf,http://viaf.org/viaf/61766995,"Menard, Philippe, 1946-",,1946,,,
person,Joe Mendelso,viaf,http://viaf.org/viaf/96276407,Mendelson Joe,,1944-07-30,,,
person,Misha Mengelberg,viaf,http://viaf.org/viaf/10039369,"Mengelberg, Misha, 1935-2017",,,,,
corporate_body,Michael Gordon Philharmonic,viaf,http://viaf.org/viaf/265159686,Michael Gordon Philharmonic,,1935,2017,,
person,George Michelle,,,"Michelle, George",,,,,
corporate_body,Microwaves,,,Microwaves,,,,,
person,Sim Millan,,,"Millan, Sim",,,,,
person,J. Miller,,,"Miller, J.",,,,,
person,Biljama Milovanovic,,,"Milovanovic, Biljama",,,,,
person,Lee Pui Ming,viaf,http://viaf.org/viaf/66379294,"Ming, Lee Pui",,1956-01-01,,,
person,Phil Minton,viaf,http://viaf.org/viaf/119028715,"Minton, Phil",,1940-11-02,,,
person,Torsten Muller,viaf,http://viaf.org/viaf/41057662,"Muller, Torsten, 1957-",,1957,,,
person,Gordon Monahan,viaf,http://viaf.org/viaf/10896243,"Monahan, Gordon",,1956-01-01,,,
corporate_body,Monday Orchestra,,,Monday Orchestra,,,,,
person,James Montgomery,wikidata,http://www.wikidata.org/wiki/Q14949598,"Montgomery, James",,1943-02-06,,,
person,Charles Morrow,wikidata,http://www.wikidata.org/wiki/Q2783221,"Morrow, Charles",,1942-02-09,,,
corporate_body,Mosaic (Musical group),,,Mosaic (Musical group),,,,,
person,David Mott,viaf,http://viaf.org/viaf/21137508,"Mott, David, 1945-",,1945-01-07,,,
person,Robert Mulder,,,"Mulder, Robert",,,,,
corporate_body,Murphy's Law (Musical group),viaf,http://viaf.org/viaf/138559383,Murphy's Law (Musical group),,,,,
corporate_body,Music of the Americas,,,Music of the Americas,,,,,
person,Al Neil,viaf,http://viaf.org/viaf/46803421,"Neil, Al",,1924-03-26,2017-11-16,,
corporate_body,New Millenium Orchestra,,,New Millenium Orchestra,,,,,
corporate_body,New Music Co-op,viaf,http://viaf.org/viaf/26153530935748701687,New Music Co-op,,,,,
corporate_body,New Tunes Ensemble,,,New Tunes Ensemble,,,,,
corporate_body,New World Music,,,New World Music,,,,,
corporate_body,Newband,,,Newband,,,,,
corporate_body,Nexus (Musical group),viaf,http://viaf.org/viaf/159368193,Nexus (Musical group),,,,,
corporate_body,Nhilist Spasm Band,viaf,http://viaf.org/viaf/123076377,Nhilist Spasm Band,,,,,
person,B.P. Nichol,viaf,http://viaf.org/viaf/76350280,"Nichol, B.P.",,1944-09-30,1988-09-25,,
person,Phil Nimmons,viaf,http://viaf.org/viaf/23530994,"Nimmons, Phil, 1923-",,1923-06-03,,,
person,Honey Novick,viaf,http://viaf.org/viaf/51403328,"Novick, Honey",,,,,
person,Michael Nyman,viaf,http://viaf.org/viaf/29718990,"Nyman, Michael",,1944-03-23,,,
person,Mary Margaret O'Hara,viaf,http://viaf.org/viaf/66656501,"O'Hara, Mary Margaret",,,,,
person,Phil Ogison,,,"Ogison, Phil",,,,,
person,Dora Ohrenstein,viaf,http://viaf.org/viaf/19244677,"Ohrenstein, Dora",,,,,
person,Pauline Oliveros,viaf,http://viaf.org/viaf/103972736,"Oliveros, Pauline, 1932-2016",,1932,2016,,
corporate_body,Opera Anonymous,,,Opera Anonymous,,,,,
person,Ursula Oppens,viaf,http://viaf.org/viaf/14971753,"Oppens, Ursula",,1944,,,
person,John Oswald,viaf,http://viaf.org/viaf/74001043,"Oswald, John",,,1948-12-01,,
person,Jaun Pallo Oueje,,,"Oueje, Jaun Pallo",,,,,
person,Underhill Owe,viaf,http://viaf.org/viaf/105156115,Owen Underhill,,1954-01-26,,,
person,Errol Parker,viaf,http://viaf.org/viaf/49338036,"Parker, Errol",,1930-10-30,1998-07-04,,
person,Evan Parker,viaf,http://viaf.org/viaf/84228826,"Parker, Evan",,1944-04-05,,,
corporate_body,Paul Cram Orchestra,viaf,http://viaf.org/viaf/133650262,Paul Cram Orchestra,,,,,
person,Tina M. Pearson,viaf,http://viaf.org/viaf/294471660,"Pearson, Tina M.",,,,,
corporate_body,Pedestrian Waltz,,,Pedestrian Waltz,,,,,
person,Helder Moura Pereira,viaf,http://viaf.org/viaf/94950571,"Pereira, Helder Moura",,1949-01-07,,,
person,George Perle,viaf,http://viaf.org/viaf/37007155,"Perle, George, 1915-2009",,1915,2009,,
person,Joseph Petrič,viaf,http://viaf.org/viaf/119342988,"Petrič, Joseph",,1952-10-08,,,
person,Barre Phillips,viaf,http://viaf.org/viaf/197307,"Phillips, Barre",,1934-10-27,,,
person,Gordon Phillips,,,"Phillips, Gordon",,,,,
person,Marina Piccinini,viaf,http://viaf.org/viaf/31872910,"Piccinini, Marina, 1963-",,1963,,,
person,Sandra Pim-Carlson,,,"Pim-Carlson, Sandra",,,,,
person,Larry Polansky,viaf,http://viaf.org/viaf/119139181,"Polansky, Larry, 1954-",,1954-10-16,,,
person,Larry Potter,,,"Potter, Larry",,,,,
person,Ambrose Pottie,,,"Pottie, Ambrose",,,,,
person,David Prentice,viaf,http://viaf.org/viaf/144731577,"Prentice, David",,1947-01-01,,,
person,Chris Prevost,,,"Prevost, Chris",,,,,
person,Barbara Pritchard,viaf,http://viaf.org/viaf/106011442,"Pritchard, Barbara",,,,,
corporate_body,Pro Musica Nova,,,Pro Musica Nova,,,,,
person,David Progosh,,,"Progosh, David",,,,,
person,Eugene Prohac,,,"Prohac, Eugene",,,,,
person,Barry Prophet,viaf,http://viaf.org/viaf/1500612,"Prophet, Barry",,1953-01-01,,,
corporate_body,Queen of Puddings,,,Queen of Puddings,,,,,
person,Rober Racine,viaf,http://viaf.org/viaf/40515413,"Racine, Rober",,1956-08-06,,,
person,Ami Radunskaya,viaf,http://viaf.org/viaf/3412231,"Radunskaya, Ami",,,,,
person,Claude Ranger,viaf,http://viaf.org/viaf/104010812,"Ranger, Claude, 1941-",,1941,,,
person,U. Rappen,,,"Rappen, U.",,,,,
person,Gordon Rayner,viaf,http://viaf.org/viaf/58023583,"Rayner, Gordon",,1935-01-01,2010-01-01,,
person,Doug Reansbury,viaf,http://viaf.org/viaf/105270992,"Reansbury, Doug",,1957,,,
person,Dana Reason,viaf,http://viaf.org/viaf/75992649,"Reason, Dana",,1968-01-02,,,
person,Howard Reese,,,"Reese, Howard",,,,,
person,Ernst Reyseger,viaf,http://viaf.org/viaf/26268685,"Reyseger, Ernst",,,,,
person,Howard Riley,viaf,http://viaf.org/viaf/75438428,"Riley, Howard",,1943-02-16,,,
person,Don Ritter,viaf,http://viaf.org/viaf/101598395,"Ritter, Don, 1959-",,1959-01-01,,,
corporate_body,Ritual Party,,,Ritual Party,,,,,
corporate_body,Rivers of Light (Musical group),,,Rivers of Light (Musical group),,,,,
person,Clive Roberston,viaf,http://viaf.org/viaf/60263629,"Roberston, Clive",,1946,,,
corporate_body,Robert Minden Ensemble,viaf,http://viaf.org/viaf/143007586,Robert Minden Ensemble,,,,,
person,Charlie Roby,viaf,http://viaf.org/viaf/105150083,"Roby, Charlie",,1953,,,
person,Georges Rodriguez,viaf,http://viaf.org/viaf/317007493,"Rodriguez, Georges",,,,,
person,Neil Rolnick,viaf,http://viaf.org/viaf/5349774,"Rolnick, Neil",,1947-10-22,,,
person,David Rosenboom,viaf,http://viaf.org/viaf/7578803,"Rosenboom, David",,1947-09-09,,,
person,Anna Rubin,viaf,http://viaf.org/viaf/76202712,"Rubin, Anna",,1946-01-01,,,
person,Frederic Rzewski,viaf,http://viaf.org/viaf/39351454,"Rzewski, Frederic, 1938-.",,1938-04-13,2021-06-26,,
person,Marc Sabat,viaf,http://viaf.org/viaf/926375,"Sabat, Marc",,1965-09-22,,,
person,Rick Sacks,viaf,http://viaf.org/viaf/37341306,"Sacks, Rick",,1952,,,
corporate_body,Sands Quartet (Musical group),,,Sands Quartet (Musical group),,,,,
person,T. Sankaram,,,"Sankaram, T.",,,,,
person,Trichy S. Sankaran,viaf,http://viaf.org/viaf/3832633,"Sankaran, Trichy S.",,1942,,,
person,Erik Satie,viaf,http://viaf.org/viaf/88805508,"Satie, Erik, 1866-1925",,1866-05-17,1925-07-01,,
person,Ronald Satok,,,"Satok, Ronald",,,,,
person,Stephen Satory,viaf,http://viaf.org/viaf/105541462,"Satory, Stephen",,1947,,,
person,George Sawa,viaf,http://viaf.org/viaf/34492656,"Sawa, George",,1947-01-01,,,
person,Detlef Sch”nenberg,viaf,http://viaf.org/viaf/261760872,"Sch”nenberg, Detlef",,1944,,,
person,R. Murray Schafer,viaf,http://viaf.org/viaf/78771967,"Schafer, R. Murray, 1933-",,1933-07-18,2021-08-14,,
person,Daniel Scheidt,,,"Scheidt, Daniel",,,,,
person,Denis Schingh,viaf,http://viaf.org/viaf/73769439,"Schingh, Denis",,1959,,,
person,Alexander von Schlippenbach,viaf,http://viaf.org/viaf/61730559,"Schlippenbach, Alexander von",,1938-04-07,,,
person,Myrna Frances Schloss,viaf,http://viaf.org/viaf/58662766,"Schloss, Myrna Frances",,,,,
person,Rolfe Schulte,viaf,http://viaf.org/viaf/44499532,"Schulte, Rolfe",,1949,,,
person,Harvie Schwartz,,,"Schwartz, Harvie",,,,,
person,Dwight Seigner,,,"Seigner, Dwight",,,,,
person,Andre Serre-Milan,viaf,http://viaf.org/viaf/101565568,"Serre-Milan, Andre",,1965-01-01,,,
person,Ron Sexsmith,viaf,http://viaf.org/viaf/59279134,"Sexsmith, Ron",,1964-01-08,,,
person,Anil Sharm,,,"Sharm, Anil",,,,,
person,Elliot Sharpe,viaf,http://viaf.org/viaf/309815445,"Sharpe, Elliot",,,,,
person,Tom Sherman,viaf,http://viaf.org/viaf/35301956,"Sherman, Tom",,1947,,,
person,Linda Shumas,viaf,http://viaf.org/viaf/105261034,"Shumas, Linda",,,,,
person,J. Siddall,viaf,http://viaf.org/viaf/72681713,"Siddall, J.",,,,,
person,Gregg Simpson,viaf,http://viaf.org/viaf/62914314,"Simpson, Gregg, 1947-",,,,,
person,Holly Small,viaf,http://viaf.org/viaf/14065255,"Small, Holly",,,,,
person,B. Smith,,,"Smith, B.",,,,,
person,Bill Smith,viaf,http://viaf.org/viaf/31019041,"Smith, Bill",,1926-09-22,2020-02-29,,
person,Bill Smith,viaf,http://viaf.org/viaf/31019041,"Smith, Bill, 1938-",,1938-05-12,,,
person,Ladonna Smith,viaf,http://viaf.org/viaf/24488910,"Smith, Ladonna",,1951-01-01,,,
person,Linda C. Smith,,,"Smith, Linda C.",,,,,
person,Wadada Leo Smith,viaf,http://viaf.org/viaf/88077594,"Smith, Wadada Leo",,1941-12-18,,,
person,Whitney Smith,,,"Smith, Whitney",,,,,
person,Michael Snow,viaf,http://viaf.org/viaf/95757663,"Snow, Michael",,1929-12-10,,,
person,Casey Sokol,viaf,http://viaf.org/viaf/12537866,"Sokol, Casey",,1948-05-06,,,
person,Geoff Somers,wikidata,http://www.wikidata.org/wiki/Q71603617,"Somers, Geoff",,1950-01-01,,,
corporate_body,Sonic Circuits,,,Sonic Circuits,,,,,
corporate_body,Sound Pressure (Musical group),viaf,http://viaf.org/viaf/155885074,Sound Pressure (Musical group),,,,,
person,Herbie Spanier,viaf,http://viaf.org/viaf/165151207,"Spanier, Herbie",,1928-12-25,2001-12-13,,
person,Claude St-Jean,viaf,http://viaf.org/viaf/106204411,"St-Jean, Claude",,,,,
person,Robert W. Stevenson,viaf,http://viaf.org/viaf/21640787,"Stevenson, Robert W.",,1954,,,
person,Stewart,,,Stewart,,,,,
person,Lamine Suso,,,"Suso, Lamine",,,,,
person,Robert Sward,viaf,http://viaf.org/viaf/9946730,"Sward, Robert",,1933-06-23,,,
person,Kurt Swinghammer,viaf,http://viaf.org/viaf/104842484,"Swinghammer, Kurt",,1957-01-01,,,
corporate_body,Tablatura,,,Tablatura,,,,,
person,Rick Tait,viaf,http://viaf.org/viaf/104240033,"Tait, Rick",,1944,,,
person,"Elyakim, 1944- Taussig",viaf,http://viaf.org/viaf/279144783021104908811,"Taussig, Elyakim, 1944-",,1944,,,
person,"Richard, 1939- Teitelbaum",viaf,http://viaf.org/viaf/27253394,"Teitelbaum, Richard, 1939-",,1939-05-19,2020-04-09,,
person,Terry,,,Terry,,,,,
person,Saito Tetsu,viaf,http://viaf.org/viaf/46584842,"Tetsu, Saito",,1955-10-27,2019-05-18,,
corporate_body,The Glass Orchestra,viaf,http://viaf.org/viaf/126604939,The Glass Orchestra,,,,,
corporate_body,Theatre of the Air,,,Theatre of the Air,,,,,
person,Nadine Theriault,,,"Theriault, Nadine",,,,,
corporate_body,Thomas Handy Trio,viaf,http://viaf.org/viaf/132472759,Thomas Handy Trio,,,,,
person,Don Thompson,viaf,http://viaf.org/viaf/2658000,"Thompson, Don",,1940-01-18,2004-03-21,,
person,Orville Thompson,,,"Thompson, Orville",,,,,
corporate_body,Thunder Bay New Music Ensemble,,,Thunder Bay New Music Ensemble,,,,,
corporate_body,Tim Postgate Quartet (Musical group),,,Tim Postgate Quartet (Musical group),,,,,
person,Andrew Timar,viaf,http://viaf.org/viaf/36149527,"Timar, Andrew",,,,,
person,Peter Toperczer,viaf,http://viaf.org/viaf/61735389,"Toperczer, Peter",,1970-01-01,,,
corporate_body,Toy Weather,,,Toy Weather,,,,,
person,Sabu Toyozumi,viaf,http://viaf.org/viaf/229382881,"Toyozumi, Sabu",,1943-11-07,,,
person,David Trevis,,,"Trevis, David",,,,,
person,Barry Truax,viaf,http://viaf.org/viaf/62747419,"Truax, Barry",,1947-01-01,,,
person,Trevor Tureski,viaf,http://viaf.org/viaf/41722301,"Tureski, Trevor",,,,,
person,Roger Turner,wikidata,http://www.wikidata.org/wiki/Q2161917,"Turner, Roger",,1946-01-01,,,
person,Frances-Marie Uitti,viaf,http://viaf.org/viaf/36151836516520400589,"Uitti, Frances-Marie",,1948-01-01,,,
person,Shoji Ukaji,,,"Ukaji, Shoji",,,,,
person,"Der Post, Rebecca Va",viaf,http://viaf.org/viaf/78503457,"Van Der Post, Rebecca",,,,,
person,"der Sloot, William va",,,"van der Sloot, William",,,,,
person,"Hove, Fred va",viaf,http://viaf.org/viaf/33683823,"van Hove, Fred",,1937-02-19,2022-01-13,,
person,T. Vishwanathant,,,"Vishwanathant, T.",,,,,
person,Phillipp Wachsmann,viaf,http://viaf.org/viaf/51901848,"Wachsmann, Phillipp",,1944,,,
person,Peter Ware,viaf,http://viaf.org/viaf/36037127,"Ware, Peter",,1951,,,
person,Rainer Weins,,,"Weins, Rainer",,,,,
person,Phillip Werren,viaf,http://viaf.org/viaf/38673087,"Werren, Phillip",,,,,
person,Stefan Werren,viaf,http://viaf.org/viaf/152155284795287060407,"Werren, Stefan",,,,,
person,Hildegard Westerkamp,viaf,http://viaf.org/viaf/8245310,"Westerkamp, Hildegard, 1946-",,1946-04-08,,,
person,Richard Westwoood,,,"Westwoood, Richard",,,,,
person,Kenny Wheeler,viaf,http://viaf.org/viaf/65213916,"Wheeler, Kenny",,1930-01-14,2014-09-18,,
person,Perry White,,,"White, Perry",,,,,
corporate_body,Wibbijazz'n (Musical group),,,Wibbijazz'n (Musical group),,,,,
person,Davey Williams,viaf,http://viaf.org/viaf/19567359,"Williams, Davey",,1952-01-01,2019-04-05,,
person,Jan Williams,viaf,http://viaf.org/viaf/94477882,"Williams, Jan",,1939-01-01,,,
person,Doug Wilson,,,"Wilson, Doug",,,,,
person,Chris Wind,viaf,http://viaf.org/viaf/104693282,"Wind, Chris",,,,,
person,Christian Wolf,viaf,http://viaf.org/viaf/103174531,"Wolf, Christian, 1934-",,1934,,,
person,Sylvia Wong,wikidata,http://www.wikidata.org/wiki/Q113792275,"Wong, Sylvia",,1953-01-01,,,
person,Gayle Young,viaf,http://viaf.org/viaf/16789083,"Young, Gayle, 1950-",,1950-03-22,,,
person,Karen Young,wikidata,http://www.wikidata.org/wiki/Q6370135,"Young, Karen",,1951-06-19,,,
person,Ania Zoom,,,"Zoom, Ania",,,,,
person,Tony Zorzi,,,"Zorzi, Tony",,,,,
